USE HotelReservation;

INSERT INTO Guest(FirstName, LastName, Address, City, StateAbbr, ZipCode, PhoneNumber) VALUES
	('Daryl', 'del Rosario', '777 This Address', '143 This City', 'ON', '99988', '(143) 777-7317'),
    ('Mack', 'Simmer', '379 Old Shore Street', 'Council Bluffs', 'IA', '51501', '(291) 553-0508'),
    ('Bettyann', 'Seery', '750 Wintergreen Dr.', 'Wasilla', 'AK', '99654', '(478) 277-9632'),
    ('Duane', 'Cullison', '9662 Foxrun Lane', 'Harlingen', 'TX', '78552', '(308) 494-0198'),
    ('Karie', 'Yang', '9378 W. Augusta Ave.', 'West Deptford', 'NJ', '08096', '(214) 730-0298'),
    ('Aurore', 'Lipton', '762 Wild Rose Street', 'Saginaw', 'MI', '48601', '(377) 507-0974'),
    ('Zachery', 'Luechtefeld', '7 Poplar Dr.', 'Arvada', 'CO', '80003', '(814) 485-2615'),
    ('Jeremiah', 'Pendergrass', '70 Oakwood St.', 'Zion', 'IL', '60099', '(279) 491-0960'),
    ('Walter', 'Holaway', '7556 Arrowhead St.', 'Cumberland', 'RI', '02864', '(446) 396-6785'),
    ('Wilfred', 'Vise', '77 West Surrey Street', 'Oswego', 'NY', '13126', '(834) 727-1001'),
    ('Maritza', 'Tilton', '939 Linda Rd.', 'Burke', 'VA', '22015', '(446) 351-6860'),
    ('Joleen', 'Tison', '87 Queen St.', 'Drexel Hill', 'PA', '19026', '(231) 893-2755')
;

INSERT INTO Amenity(AmenityName, Price) VALUES
	('Microwave', '0'),
    ('Refrigerator', '0'),
    ('Oven', '0'),
    ('Jacuzzi', '25')
;

INSERT INTO RoomType(RoomTypeName, StdOccupancy, MaxOccupancy, BasePrice, ExtraPersonPrice) VALUES
	('Single', '2', '2', '149.99', NULL),
    ('Single', '2', '2', '174.99', NULL),
    ('Double', '2', '4', '174.99', '10'),
    ('Double', '2', '4', '199.99', '10'),
    ('Suite', '3', '8', '399.99', '20')
;

INSERT INTO Room(RoomId, ADAAccessible, RoomTypeId) VALUES
	('201', '0', '4'),
    ('202', '1', '3'),
    ('203', '0', '4'),
    ('204', '1', '3'),
    ('205', '0', '2'),
    ('206', '1', '1'),
    ('207', '0', '2'),
    ('208', '1', '1'),
    ('301', '0', '4'),
    ('302', '1', '3'),
    ('303', '0', '4'),
    ('304', '1', '3'),
    ('305', '0', '2'),
    ('306', '1', '1'),
    ('307', '0', '2'),
    ('308', '1', '1'),
    ('401', '1', '5'),
    ('402', '1', '5')
;

INSERT INTO Reservation(Adult, Children, StartDate, EndDate, TotalRoomCost, RoomId, GuestId) VALUES 
	('1', '0', '2023-02-02', '2023-02-04', '299.98', '308', '2'),
    ('2', '1', '2023-02-05', '2023-02-10', '999.95', '203', '3'),
    ('2', '0', '2023-02-22', '2023-02-24', '349.98', '305', '4'), 
    ('2', '2', '2023-03-06', '2023-03-07', '199.99', '201', '5'),
    ('1', '1', '2023-03-17', '2023-03-20', '524.97', '307', '1'),
    ('3', '0', '2023-03-18', '2023-03-23', '924.95', '302', '6'),
    ('2', '2', '2023-03-29', '2023-03-31', '349.98', '202', '7'),
    ('2', '0', '2023-03-31', '2023-04-05', '874.95', '304', '8'),
    ('1', '0', '2023-04-09', '2023-04-13', '799.96', '301', '9'),
    ('1', '1', '2023-04-23', '2023-04-24', '174.99', '207', '10'),
    ('2', '4', '2023-05-30', '2023-06-02', '1199.97', '401', '11'),
    ('2', '0', '2023-06-10', '2023-06-14', '599.96', '206', '12'),
    ('1', '0', '2023-06-10', '2023-06-14', '599.96', '208', '12'),
    ('3', '0', '2023-06-17', '2023-06-18', '184.99', '304', '6'),
    ('2', '0', '2023-06-28', '2023-07-02', '699.96', '205', '1'),
    ('3', '1', '2023-07-13', '2023-07-14', '184.99', '204', '9'),
    ('4', '2', '2023-07-18', '2023-07-21', '1259.97', '401', '10'),
    ('2', '1', '2023-07-28', '2023-07-29', '199.99', '303', '3'),
    ('1', '0', '2023-08-30', '2023-09-01', '349.98', '305','3'),
    ('2', '0', '2023-09-16', '2023-09-17', '149.99', '208', '2'),
    ('2', '2', '2023-09-13', '2023-09-15', '399.98', '203', '5'),
    ('2', '2', '2023-11-22', '2023-11-25', '1199.97', '401', '4'),
    ('2', '0', '2023-11-22', '2023-11-25', '449.97', '206', '2'),
    ('2', '2', '2023-11-22', '2023-11-25', '599.97', '301', '2'),
    ('2', '0', '2023-12-24', '2023-12-28', '699.96', '302', '11')
;

INSERT INTO RoomAmenity(RoomId, AmenityId) VALUES
	(201, 1), (201, 4),
    (202, 2),
    (203, 1), (203, 4),
    (204, 2),
    (205, 1), (205, 2), (205, 4),
    (206, 1), (206, 2),
    (207, 1), (207, 2), (207, 4),
    (208, 1), (208, 2),
    (301, 1), (301, 4),
    (302, 2),
    (303, 1), (303, 4),
    (304, 2),
    (305, 1), (305, 2), (305, 4),
    (306, 1), (306, 2),
    (307, 1), (307, 2), (307, 4),
    (308, 1), (308, 2),
    (401, 1), (401, 2), (401, 3),
    (402, 1), (402, 2)
;

DELETE FROM Reservation
WHERE GuestId = 8;

DELETE FROM Guest
WHERE GuestId = 8;

SELECT * FROM Reservation;
SELECT * FROM Room;
SELECT * FROM Guest;
SELECT * FROM Amenity;
SELECT * FROM RoomAmenity;
SELECT * FROM RoomType;